{"cameraMode":{"drawMode":0,"name":"Shaded","section":"Shading Mode"},"sceneLighting":false,"audioPlay":false,"sceneViewState":{"m_AlwaysRefresh":false,"showFog":true,"showSkybox":false,"showFlares":true,"showImageEffects":true,"showParticleSystems":true,"showVisualEffectGraphs":true,"m_FxEnabled":true},"in2DMode":false,"pivot":{"x":0.019615784287452699,"y":0.11474147439002991,"z":-0.008720248937606812},"rotation":{"x":-0.3997719883918762,"y":0.01292356289923191,"z":-0.005634712986648083,"w":-0.9165103435516357},"size":0.23739424347877503,"orthographic":false}