{"cameraMode":{"drawMode":0,"name":"Shaded","section":"Shading Mode"},"sceneLighting":true,"audioPlay":false,"sceneViewState":{"m_AlwaysRefresh":false,"showFog":true,"showSkybox":true,"showFlares":true,"showImageEffects":true,"showParticleSystems":true,"showVisualEffectGraphs":true,"m_FxEnabled":true},"in2DMode":false,"pivot":{"x":1.2217442989349366,"y":-2.3498706817626955,"z":-23.834434509277345},"rotation":{"x":-0.08926966041326523,"y":-0.01403508335351944,"z":0.0012578804744407535,"w":-0.9959083199501038},"size":13.725814819335938,"orthographic":false}