{"cameraMode":{"drawMode":0,"name":"Shaded","section":"Shading Mode"},"sceneLighting":true,"audioPlay":false,"sceneViewState":{"m_AlwaysRefresh":false,"showFog":true,"showSkybox":true,"showFlares":true,"showImageEffects":true,"showParticleSystems":true,"showVisualEffectGraphs":true,"m_FxEnabled":true},"in2DMode":false,"pivot":{"x":0.4228366017341614,"y":-19.729660034179689,"z":52.29209899902344},"rotation":{"x":-0.23799870908260346,"y":-0.008158053271472454,"z":0.0020039286464452745,"w":-0.9712433218955994},"size":35.274444580078128,"orthographic":false}