{"cameraMode":{"drawMode":0,"name":"Shaded","section":"Shading Mode"},"sceneLighting":true,"audioPlay":false,"sceneViewState":{"m_AlwaysRefresh":false,"showFog":true,"showSkybox":true,"showFlares":true,"showImageEffects":true,"showParticleSystems":true,"showVisualEffectGraphs":true,"m_FxEnabled":true},"in2DMode":false,"pivot":{"x":1.0501742362976075,"y":-9.40999984741211,"z":-11.502827644348145},"rotation":{"x":0.14812734723091126,"y":-0.04270484298467636,"z":0.006398152094334364,"w":0.9880509972572327},"size":17.14104652404785,"orthographic":true}