{"cameraMode":{"drawMode":0,"name":"Shaded","section":"Shading Mode"},"sceneLighting":true,"audioPlay":false,"sceneViewState":{"m_AlwaysRefresh":false,"showFog":true,"showSkybox":true,"showFlares":true,"showImageEffects":true,"showParticleSystems":true,"showVisualEffectGraphs":true,"m_FxEnabled":true},"in2DMode":false,"pivot":{"x":7.125255584716797,"y":-9.747998237609864,"z":4.556518077850342},"rotation":{"x":-0.3352663815021515,"y":-0.046045780181884769,"z":0.016408512368798257,"w":-0.9408658742904663},"size":21.047346115112306,"orthographic":false}