{"cameraMode":{"drawMode":0,"name":"Shaded","section":"Shading Mode"},"sceneLighting":true,"audioPlay":false,"sceneViewState":{"m_AlwaysRefresh":false,"showFog":true,"showSkybox":true,"showFlares":true,"showImageEffects":true,"showParticleSystems":true,"showVisualEffectGraphs":true,"m_FxEnabled":true},"in2DMode":false,"pivot":{"x":21.932687759399415,"y":2.498478412628174,"z":31.99154281616211},"rotation":{"x":0.0023779822513461115,"y":-0.9969477653503418,"z":0.03321951627731323,"w":0.07100304961204529},"size":64.11820983886719,"orthographic":false}