{"cameraMode":{"drawMode":0,"name":"Shaded","section":"Shading Mode"},"sceneLighting":true,"audioPlay":false,"sceneViewState":{"m_AlwaysRefresh":false,"showFog":true,"showSkybox":true,"showFlares":true,"showImageEffects":true,"showParticleSystems":true,"showVisualEffectGraphs":true,"m_FxEnabled":true},"in2DMode":false,"pivot":{"x":1.0501742362976075,"y":-9.40999984741211,"z":-11.502827644348145},"rotation":{"x":0.2332320660352707,"y":0.05714212357997894,"z":-0.013749828562140465,"w":0.9706704020500183},"size":15.313650131225586,"orthographic":true}