{"cameraMode":{"drawMode":0,"name":"Shaded","section":"Shading Mode"},"sceneLighting":true,"audioPlay":false,"sceneViewState":{"m_AlwaysRefresh":false,"showFog":true,"showSkybox":true,"showFlares":true,"showImageEffects":true,"showParticleSystems":true,"showVisualEffectGraphs":true,"m_FxEnabled":true},"in2DMode":false,"pivot":{"x":3.1863176822662355,"y":-8.779035568237305,"z":-4.239992141723633},"rotation":{"x":-0.3790586292743683,"y":-0.011935247108340264,"z":0.004895334597676992,"w":-0.9252923130989075},"size":11.927583694458008,"orthographic":false}