{"cameraMode":{"drawMode":0,"name":"Shaded","section":"Shading Mode"},"sceneLighting":true,"audioPlay":false,"sceneViewState":{"m_AlwaysRefresh":false,"showFog":true,"showSkybox":true,"showFlares":true,"showImageEffects":true,"showParticleSystems":true,"showVisualEffectGraphs":true,"m_FxEnabled":true},"in2DMode":false,"pivot":{"x":1.0501742362976075,"y":-9.40999984741211,"z":-11.502827644348145},"rotation":{"x":0.5918050408363342,"y":0.007507470436394215,"z":-0.00549815408885479,"w":0.8060575127601624},"size":5.060205459594727,"orthographic":true}